cont_0,cont_1,cont_2,cont_3,cont_4,cont_5,cont_6,cont_7,cont_8,cont_9,cat_0,cat_1,cat_2,cat_3,cat_4,cat_5,cat_6,cat_7,cat_8,cat_9,target
-1.30652685173532,,-0.11816404512857,-0.159573438146267,1.65813067961819,-1.34671750579756,-0.68017820399685,-1.33425847140275,0.666383082031914,-0.460719787388553,category_1,4,2,0,2,category_4,3,4,4,3,-71.0842170201694
2.01125668146314,,0.195069697151381,0.52700420845466,-0.044595426455857,0.616886554393279,-1.78156285570559,0.354757693113218,-0.729044658794696,0.196557400728785,category_3,4,0,4,3,category_3,3,1,3,2,13.4156753681169
-1.21607658074586,,-0.743672174700873,0.730183531129614,0.140671903307961,1.27295374891991,-0.159012251554359,-0.475175105829249,0.240056929296719,0.100159408090623,category_3,3,2,0,4,category_3,4,1,0,2,-47.4922804235918
0.559298981390884,,-0.431096337510757,-0.809626576040113,-1.06369559102555,-0.860153384924663,0.572751366857216,-0.467441009625906,0.677557033587717,1.30718384508126,category_3,2,4,4,1,category_3,4,2,0,0,-94.4826138741815
0.910178908092592,,0.786327962108976,-0.0422571516606427,0.317218215191302,0.379151735555082,-0.466419096735943,-0.0170204138614406,-0.94444625591825,-0.410049693202548,category_0,1,3,1,0,category_2,0,2,3,0,195.819531171196
1.39053396707394,,-0.155035808118326,0.9508336970038,-1.64134860882303,2.03476254402115,0.0660602617864926,-0.338682185445398,-0.495795494545209,1.21657771374294,category_3,2,3,4,1,category_3,4,3,3,1,141.969230145765
-2.11505601518781,,1.61805426900023,0.541008219959808,1.40536543872442,-1.44911761073693,-0.824409121327835,-0.813794483231306,0.422580372272883,0.547480572104665,category_3,0,2,0,0,category_2,4,3,3,1,-156.813059009699
1.41117206388961,,-0.0574695184653946,-0.112465982559553,0.785803826831173,-0.0261922373442505,-0.391217052174016,0.498052404682857,0.940917614575113,0.405204080322888,category_3,0,1,0,3,category_1,3,3,0,0,32.699814555946
-1.4812459621973,,1.51875933696358,-0.192841828543965,-1.27255813503232,-0.13413278276842,-1.17116046145008,-0.169758293902485,0.764497453033534,-0.268372735209381,category_2,3,4,0,0,category_4,2,1,1,0,-114.822695678418
-1.5096616060683,-1.30034683221834,,-0.80385040403152,-0.27739139174311,-0.747473178065379,-0.73035709555796,2.62057384601824,-0.762361536727609,-1.44694033475581,category_3,2,2,4,0,category_4,4,2,1,2,-154.080509825743
0.286904488003346,-0.370704003220453,,-0.945615795556291,-2.32059427579074,-1.31839586964473,0.520040614570868,-0.0672756089229817,0.225608654471104,0.449712100231993,category_4,4,0,1,4,category_3,0,4,3,0,-318.094625621715
-0.861215553398642,-0.221574398204001,,0.42425261810087,-0.509595132946357,-0.888188211085513,-0.127067162838517,0.753865683562301,0.813452245114107,0.473290594914799,category_1,3,2,1,3,category_4,4,4,3,4,-63.7765243937731
0.766990450559551,0.65004197305077,,-0.364169808915756,-1.02600725162578,-0.843615606535927,0.00358320595458365,-0.0500826414645354,0.326375089726991,1.48312862797381,category_1,1,0,4,1,category_0,4,0,4,1,-112.323600558473
1.06850939931601,0.578521497728878,,0.349654456993174,-0.453385803851388,0.156703855272364,-1.21407740309412,-0.364693544391685,-0.440922632292591,-0.280355495184509,category_2,1,4,1,2,category_0,2,3,3,2,-89.6639267555546
-1.60473852986099,0.038908705856215,,0.626564250745361,1.45871474967599,0.171243545152213,0.468304907689592,-0.647053526382759,0.112737941235737,0.657267690304777,category_1,4,1,2,4,category_0,0,2,3,2,202.280865592951
0.376425531155629,0.672294757012436,,0.40746183624111,-1.09940079058419,1.84926372847934,1.32638589668703,-0.435153551721637,-0.694567859731366,-0.149634540327671,category_1,1,0,1,4,category_2,0,1,1,1,184.493284575354
-0.062053125798334,1.32435874999584,,-0.172200792696883,1.25916712961081,0.377910101738475,-1.49567951625702,-0.168214222767074,2.526368240356,1.76992138819673,category_3,0,4,4,4,category_4,0,2,1,4,234.690728775735
-2.01640662779976,1.12859406451457,,0.496000946343962,-0.539454633374501,-0.882418818549919,-0.709727965846888,1.31913687630158,1.73887267745451,0.994394391315499,category_0,0,0,0,4,category_2,2,4,4,1,-41.8145249233596
0.54331189138752,-0.930156502524321,-0.219541028331213,-0.178589092087329,0.439042957672043,-0.216731470575539,-1.08403662067193,-0.470032882700875,0.351780110681358,0.379235533535587,category_1,3,0,3,3,category_4,3,3,1,2,-113.118263055769
0.131573967908069,-1.42279490862634,-0.349782180111537,1.9223247554444,-1.40556004739189,2.24360189458264,2.02347194976997,-1.58249447798176,0.505386938577343,0.359249156513456,category_0,2,4,4,0,category_3,1,3,1,4,91.2471063917209
0.771405948676846,-0.0457039606602349,-0.908763245959053,0.220507655757173,1.02943882878277,0.553132064207584,-0.424317620977902,1.51332808257321,0.862596011328451,-2.65561909297493,category_4,2,0,2,0,category_3,0,3,0,3,185.144238042374
0.699136153718694,0.246648955252446,-1.10223019090709,0.607992509406397,-0.298759600569936,-1.05139039866006,-0.024549423642379,-0.103212751461708,-0.835856067481621,-0.942093588873116,category_4,0,2,0,0,category_4,2,2,2,0,-154.304700457303
0.39904634564013,-2.03068446778149,1.95591230825069,2.06449286135932,-2.77259275642665,-0.116103939034367,0.390093322687926,0.493741777349188,-0.65240858238702,-0.390953375187601,category_1,4,3,2,4,category_1,3,3,4,2,-241.086485743819
0.498726958311932,2.680570840769,-1.20373519219978,-0.200808513995666,-0.73793178024123,0.907698797987899,0.417043502967604,1.34803578042472,0.687881391174755,0.0498572665998227,category_4,0,0,2,4,category_4,0,3,4,4,264.159297754951
0.549856867296391,1.96122698936502,-1.54228815079968,-0.072238758671668,0.000899926671107155,1.42260474896903,0.862148056884267,0.965936118459701,-0.118586623550092,0.488370590429657,category_2,2,4,0,3,category_1,4,0,4,3,319.370571105958
-1.11694955374672,-1.38043075230727,0.241203964218953,-0.535914561666162,-0.0352967396029156,1.41215169829863,1.1277836301278,-0.923912015810002,0.881131097099632,1.03298919451995,category_1,3,3,4,1,category_2,4,4,2,2,68.2145854229534
0.770836960404937,-0.483249542479107,0.390364943508622,0.00257118243151003,0.243168215402492,0.411334242897609,1.58853069109753,-1.80814392649825,-0.510926181232263,0.774728319067162,category_3,1,2,4,0,category_2,4,4,3,2,73.2259669894616
1.08137603445819,0.0509542770112895,-0.241337791453105,-1.79422927148972,-0.631375988449389,-0.858919907807672,-0.878190342810073,-0.22247701024292,0.699380483587817,-1.06122228744591,category_3,3,2,4,0,category_4,4,3,1,4,-207.884509581994
0.817977607254806,-0.363437780116051,1.43156775744929,0.779051220132992,-0.27891427510324,-0.12656933163939,1.46221417078042,-1.66417298516617,-0.428702065585829,-0.637840556473584,category_1,2,4,1,2,category_0,2,2,2,1,24.3155278168109
0.371172552649039,-3.11685659159913,0.643631275453338,0.644452033411042,-0.989822549547119,0.422818574676661,0.688896666607932,0.70885957536714,0.274647203612445,-0.603620436019091,category_0,4,0,2,3,category_4,1,0,2,2,-116.077272952653
-0.591402667808111,-0.0357680718602211,0.755395695663338,2.38074535121975,1.12441918451037,-1.61087840344993,0.867407411354918,2.11679102148368,-0.656463674971532,-2.8345545052747,category_4,4,0,3,3,category_2,1,4,0,1,128.389080639023
-0.40129780513351,0.677462169346412,0.596906481247954,0.0518203894824216,-0.316655295052107,-0.857078188671165,-0.987286693457652,-1.04312949803536,-0.401234709911182,-0.800082476084601,category_1,3,4,0,3,category_1,0,0,3,4,-192.014429995455
0.929505111479528,-0.569312053470185,-2.09460307120614,0.269904354940761,0.582224591397924,-2.73967716718956,0.123721914233507,0.943046087322518,-0.130106954193704,0.0939532293855687,category_2,1,0,3,0,category_4,2,1,0,0,-222.290211874105
-0.647181431847761,2.59442458776815,0.930408496111116,-0.404032293850937,0.472247150087849,-1.54158739967179,-0.17531640232702,-0.85654930823421,-1.42191987164044,1.99795607975,category_3,0,3,0,4,category_0,4,0,4,2,-7.62499345744047
-0.27898160530303,0.295075783301862,-0.739395302510195,-1.0987684566673,0.529833783474958,0.897864173203121,-0.375959965971259,-0.112443756019288,-2.37219387151302,-1.38174500949499,category_0,0,4,0,1,category_1,0,2,1,2,-17.1561375511854
-2.58279663296994,-0.535270164532845,-0.347961855920846,0.025405208385016,-1.15395036365201,-0.406071796259832,-1.35338885814771,-1.64296529353061,-1.03264310189213,-0.436748337458007,category_4,4,2,1,0,category_3,1,1,3,3,-468.752658124522
0.595300307692293,0.332798217404455,-0.232294007186597,1.01375054749826,1.16415176622497,-0.488566220754626,0.728929867385239,-0.32125893705801,-2.57905074518947,-0.937509386108729,category_4,0,4,3,1,category_4,3,2,0,2,63.5928707768686
1.49771502731956,0.510874821892418,-1.79977118146674,1.31415443381395,0.565267202536451,0.89896739458806,-1.10469014720561,-0.487091431711824,0.407130331083248,-0.62855758024459,category_3,4,0,4,1,category_1,1,3,0,3,83.9386981216672
-2.55298981583408,1.53277921435846,0.864436198859506,1.46935876990029,0.653618595440361,-0.187183850025834,-0.742165020406442,0.0457585173014461,2.26975462398761,-1.45436567459876,category_3,3,3,3,1,category_3,3,3,4,4,127.215050980917
0.719668170537332,0.954189580898765,-0.730873585951386,0.544144752358008,-0.248419306705038,-0.491730108013528,-1.64170322880978,-0.0157792171209952,0.275666549340774,-0.708385052338107,category_3,2,1,0,1,category_0,2,2,2,1,-109.552221565193
1.58776152374537,0.850530683523438,-1.13359282563846,-0.839124190599274,-0.643257601788739,0.0791217239295351,0.996759642819816,-0.0451133036933348,-0.148766152233679,0.09600420496977,category_2,1,1,4,3,category_0,4,4,1,2,49.3326836677792
-1.68472895887394,-1.03560573138449,-1.42693768542699,0.14166716487153,-0.499416761022038,-0.863355581341783,-0.932570229897013,-0.23453803490875,-1.01245715274381,1.25056983254344,category_3,1,4,0,2,category_2,1,3,2,4,-375.330093263316
1.30318096164843,-0.0472777156962471,-0.142447868788841,0.664144049358651,0.128536316856048,0.122531317653302,-1.30876351423861,-0.200907533200927,-1.20247530820443,0.416099634415823,category_0,1,2,0,0,category_2,4,0,4,1,-57.6143367817771
1.86755896042657,0.61407937034608,-0.861225685054703,0.922206671566527,0.906044658275385,-0.155010093090834,1.91006495309903,0.947251967773748,-0.26800337095138,0.802456395796395,category_0,3,1,2,4,category_1,0,0,2,2,323.778036993808
0.319118400086282,0.0189221038821947,-1.63842362574179,-0.0820341531454842,0.307264780505591,-0.821534517019528,-1.77638861634658,0.082611032156201,0.215553053788685,0.56800735922642,category_2,0,2,2,2,category_3,4,0,0,4,-196.240651463232
0.192728996499727,-1.3730425509509,0.338225473685115,-1.06774201101911,0.696438673391439,-0.998191728231864,0.651781261700616,-1.00432271221461,0.00147100024541081,-0.7667048545369,category_4,2,3,4,1,category_4,4,2,2,0,-132.763582360975
0.698457149107336,-0.267733536893966,0.931848374114304,-1.12801133147001,0.00377088908626934,-0.39484951403345,0.339964983801262,-0.190653493581399,-0.0156821116025548,0.160928168298223,category_1,1,1,3,4,category_3,4,0,4,2,-9.22132062409275
-0.672460447775951,-0.907298364383242,-0.813146282044454,0.051945395796139,-0.359553161540541,0.462782255525774,-1.72628260233168,-1.63019834696604,0.177426142253753,-0.401780936208262,category_4,0,2,2,3,category_3,2,1,2,3,-287.145126278759
-1.44653469956339,1.51999486076577,-0.309114444771709,1.71958930741619,0.800297949340028,0.142061805187236,-0.233466661543693,0.370825001281102,1.73272118691913,0.68450110685919,category_4,1,1,3,0,category_4,4,4,3,3,222.298861790472
1.48935596207448,-1.35978072550381,0.611927192731158,-0.0414008115579674,0.521303748275714,0.422628621708826,-1.34149672558304,0.529045238334432,0.476898368922222,0.148449581380078,category_2,2,0,1,2,category_2,1,0,3,4,21.3366978478484
-0.499016637994183,-1.63242330206798,-0.919113444869944,-0.0671341546145218,0.0213512238435486,-0.317543093930199,0.192753849065216,-0.0585865511338609,-0.365055216546258,-1.79132754804118,category_2,2,1,3,2,category_0,2,4,0,3,-194.808860156762
0.50232824007478,0.159250468373702,0.160661189819773,-1.95854895513654,-0.862266999753237,0.307732574679432,-0.952644952815388,0.207270746973619,1.60852215594872,-0.561578749603221,category_0,1,0,3,2,category_3,1,4,4,1,-74.1028092612
-1.00033034895371,0.214965590626094,0.161559267238168,0.097219232002918,1.67398570701071,-1.67868836282866,1.56340474502893,0.224252220965682,-0.790523021833077,-0.907300121525327,category_1,1,2,3,3,category_2,2,0,2,4,73.5403186735108
0.555962679709798,-0.0493240701475726,-0.422314824125271,0.239033601246765,0.89247388733153,-1.81807763038357,0.104714029433284,0.54077358530039,0.228053325124067,0.201479946704433,category_3,2,4,4,3,category_3,1,0,1,3,-39.581446246816
0.60270765642933,-0.0731196459481972,-0.255957669214268,-1.29737965595674,-0.594649769720405,-0.521641509970619,-0.348046379642619,-0.813595997094507,-0.78236696690209,0.62511865643373,category_1,4,2,1,1,category_4,3,1,1,1,-205.30935553366
-0.268009783398112,1.71405146977073,1.33638618232279,-0.767948591736815,-0.496608209729517,0.037996013453515,-0.120041122096108,-0.433554332733168,0.46146887744114,-0.0464811560328903,category_4,4,0,3,2,category_2,4,3,3,4,69.554698048422
0.634386673189051,0.936795216253989,0.139064150304683,0.770330879327212,1.62927576995886,0.155590734968898,-0.8576702045754,0.704642720749891,-1.24933851486154,-0.709785100119499,category_4,2,0,1,4,category_2,2,1,2,4,199.973028650833
0.0132397676675336,1.05902725444197,0.33905925594243,-1.02256439126069,-0.121944927600277,0.197181055197367,-0.58963204195103,0.0986674538157957,-0.895815760410827,0.54832813049798,category_1,2,0,4,3,category_4,0,1,1,3,10.1308280940538
-0.110590502808207,-0.596917111783194,1.07703747294754,-0.222959182970379,-0.432431978578445,0.658802141691513,-0.224826561270151,-0.489828218847267,-0.576241816226903,0.574608917292573,category_2,4,2,2,4,category_0,3,4,0,2,-35.9211263153196
-1.91374267086151,0.0262466178615874,-0.154072398424835,-0.114335159872377,0.663561576591382,1.05980629493377,1.1936116807492,-0.147353664582844,-0.0981612112059305,-0.886614260056112,category_4,3,1,0,4,category_2,3,4,3,3,155.789644228051
0.729090562177537,-0.311552532127373,1.1394006845433,0.0561653422297454,0.128982910757411,-0.578849664764416,-1.23482582035365,-0.870797149181882,0.402341641177549,-0.684810090940313,category_3,2,1,4,3,category_4,1,3,0,4,-117.797749242887
1.90506364056002,0.960047741149928,-0.300478785585422,-0.416499082436693,-0.0147772196598448,1.05475792518028,-0.355028731055374,0.250998116008324,-1.89236189331734,-0.177813143703013,category_1,3,2,3,3,category_0,1,2,0,1,126.804070231115
-1.44642106398333,0.512836457592757,0.319431833331531,-0.326318462158318,-0.452350275569092,-0.468476044679723,-0.137779214285771,-0.401557544499344,-0.957147473151017,-1.3484243191217,category_2,2,3,0,2,category_4,1,4,0,2,-160.616006820202
0.512562231426122,0.144106485123232,-1.05857189760537,0.233458079662318,-0.359116595065885,0.792041498422974,-0.50900583859132,-0.55079942570684,0.115665074046347,-0.547355574298666,category_1,2,1,1,0,category_1,0,1,1,4,-31.306450021998
-0.971170664824391,0.466379574381979,2.48844161433113,-0.094392506411185,1.42631686078703,-0.477286270403229,1.69596953301417,0.355703515723984,0.141806639153454,1.83343536181568,category_3,4,0,3,0,category_0,3,4,3,2,323.866903106
-1.40025620812794,-0.773192510223439,-1.65280364225284,-1.48993300822149,0.174680092898169,-0.724311319231123,1.06592681871689,-0.96595385884187,0.0638961916501783,-1.60732015923406,category_3,3,3,0,3,category_3,0,4,2,3,-221.700139698378
0.365848787916858,0.507238951109615,0.481115126388835,-0.116229700387149,1.29782526697359,1.43504938678915,2.75935511402158,0.275600673984056,-0.0746679782511496,0.258716440229746,category_3,3,0,3,1,category_4,3,0,4,3,503.303980347554
-0.628087559641579,-0.399449029262875,2.30391669768394,0.370055887847519,-0.481027118460788,0.582953679753294,-1.06001582272155,0.0977249677148556,-0.135949700678321,1.1368913626027,category_0,3,3,1,3,category_4,2,3,3,1,-2.13480510270015
0.730351790377019,-0.289005210954233,-1.01482590773444,-1.99863947558337,1.10457847357148,-0.132568014653718,-0.602331853582862,0.923796560313947,0.921408397810581,0.460814477148831,category_0,1,4,3,4,category_3,3,4,1,4,53.4650331702945
-0.774295080486805,1.53093235102882,0.825372232087515,0.0924477354698086,-0.26938977845124,0.0425390740297907,-0.298323168995834,0.0218573582198714,-0.922823314996828,-1.45133849819103,category_2,4,1,0,1,category_2,1,1,4,4,23.4341028360813
1.71083658254666,-0.651656209057781,-0.0636614887895494,0.504815456340502,1.41441504272902,1.400689034443,-1.57993052967112,-0.130620395995119,-2.83201186990899,-1.08342666026428,category_4,2,3,4,3,category_1,0,0,4,4,78.779303230285
-0.704921352507445,1.02179058558867,-0.696326653861083,-0.552540673416729,0.679974844245102,-0.464337691435492,-0.290397100803867,-0.803141387341628,1.32778269595798,-0.101281486217399,category_4,0,4,1,3,category_3,0,4,4,2,3.52809817040081
0.140810651878236,0.67161657203591,1.85524620942048,-0.97416743504299,0.473488261666462,1.13638807753974,1.41565622617468,0.585850805817936,-0.302746016904253,0.98967944193589,category_4,3,2,4,1,category_3,1,4,1,1,362.072499711191
0.213480048910169,1.18137860128829,-0.24201982987022,-0.631903758005167,-1.20857365373322,-2.5591846663441,1.51826117035571,1.07819730371424,-0.384645423142518,-0.443836093155198,category_3,0,1,1,2,category_4,4,0,0,0,-152.39376999864
0.493644087524864,0.189702612079996,-0.839129402842214,1.70257015224179,0.487015325980379,-1.31717478880579,0.990121383879194,-0.271207339890164,-1.36475823008243,-0.0218699087890799,category_2,3,2,0,3,category_2,3,1,4,3,-31.7211867868554
-0.0682416053246312,-1.1474686524111,-0.74475482204844,-0.437820044744434,1.71334272164937,-1.07993150836342,-0.826438538659014,1.12663592210651,-0.0984525244254323,-0.663478286362107,category_2,3,0,1,0,category_4,1,3,4,1,-56.2752397575209
-1.44494019907337,1.26507783808877,-0.788669254509366,0.211497012731878,-1.21054299412335,-0.0350951768696704,1.09463837471209,0.936445725831116,0.234821525948732,2.13215341057044,category_2,4,1,0,4,category_1,0,3,3,2,43.1513540212824
-1.49125759270561,-1.31590741051152,0.166673495372529,-0.461584604814709,0.439391701264537,1.11701628809585,0.635031436892106,-0.912822225444159,2.38314477486394,0.944479486990414,category_0,1,4,4,0,category_3,0,1,1,4,86.4274147269616
-0.0903820072769468,-0.600657557657789,1.03440988648152,1.55224318004856,1.36759723980671,-0.0722870075600049,-0.996212640371066,1.02893549259485,-1.21793851159315,-0.30496363785442,category_1,0,0,2,1,category_0,2,4,2,4,98.1458036459109
-0.467493173657854,0.831351057984768,0.622519140304998,0.487972682663005,-0.862493299724734,-0.968186063907105,-0.631191941746857,0.480424496117787,0.568458918924277,-0.33281176485221,category_0,0,4,1,4,category_4,2,2,2,0,-103.804914628641
-0.723928704058602,-1.31284967454979,-0.796775306306301,1.41487413592242,-1.11962823368045,0.824618219638468,1.54806680137874,-0.183755730249992,-0.0617433014579011,-0.446836253662621,category_2,2,3,0,0,category_3,4,4,3,2,-42.6509664410514
-1.05462846398501,0.199300196896465,0.463130329318607,-0.0506035409616659,0.820247837324681,-2.20144128550056,0.279095764392453,-0.468864187966796,0.338904125215945,2.0210435614848,category_2,2,2,0,4,category_4,4,1,1,2,-106.892484656303
-0.879160628835075,0.348169235241809,-1.63880730712218,0.663258089679174,-0.231101607592997,-0.065488375144483,-0.733312807583666,0.731658927030393,2.14957453486729,-0.0902438496657506,category_2,3,1,2,3,category_4,0,3,3,0,-27.1882409532558
-0.532489919209068,-0.852585847170647,1.01184243299419,0.0229597556079514,0.645055273459877,1.68192174007314,-0.657951044761169,-0.667712720570559,0.468385234277052,1.73587899768571,category_3,3,2,2,1,category_4,1,4,0,3,136.263547003776
-0.983118183745708,1.96676397193474,0.802051738740516,-0.196233964943542,-0.898321971432016,-1.8388466037585,-1.84653198166467,-2.12117644490244,0.604136740442684,-1.62958360274844,category_2,0,2,2,4,category_4,3,1,3,4,-361.771646733148
-0.276822994773888,-2.01188031924471,-0.173463897072879,0.589703605574724,1.12390530561444,-0.593777447778668,-0.510029539755617,0.0187917917742578,1.39251844943427,1.03758566705063,category_2,2,1,1,2,category_2,0,3,3,0,-60.421569475524
-0.603839552796151,-1.10947755363615,1.09830354073251,-0.547518100679432,-1.14955406325712,0.978567297446043,-0.137839178596094,0.286012526978118,0.025385604406459,0.610391764305413,category_2,2,2,3,4,category_3,3,0,3,4,-63.1627073893729
-0.50535831726441,-0.104343491494693,-0.507517601657357,-0.988001942493734,-0.815791541993971,-1.28455229799253,-1.05188010255167,0.564008535073809,2.49720039158701,-2.2453216483714,category_3,0,3,4,4,category_4,3,1,1,2,-246.101542679281
-0.719940532141895,-0.300783876476027,-0.156023890997287,-0.660608593976992,-0.893574402314191,1.26498332985626,1.04909318792001,-1.34841308775612,3.17097477329018,0.189499637547913,category_3,0,3,1,2,category_4,0,1,2,0,66.709822634405
1.88315069705625,1.92294202648038,-1.27048499848573,1.48051479143442,-1.34775906114245,-0.747454811440758,0.969396708158011,-0.413618980759747,-1.17312340511416,1.94362118564929,category_4,1,3,3,2,category_1,1,1,0,1,-4.32640107868531
-0.84907287269366,-0.44791483841554,-0.777228042155134,-0.198715061670799,1.62950004323233,-0.204338936903047,-0.300003576937795,1.79691852257493,-1.00655906479424,-2.14330806523869,category_0,4,1,1,2,category_4,3,0,1,4,68.9736320854108
0.154947425696916,-0.387326817407952,-0.887785747630113,-0.302302750575336,0.378162519602174,1.20237984878441,-1.98079646822393,1.23029068072772,-0.347912149326153,0.15634896910398,category_0,0,0,0,2,category_2,4,4,0,0,13.330640103972
0.913201924252178,1.0085972868601,-1.7974558043669,0.527597382774316,2.21130433323949,1.61424954728023,-1.06343293815461,0.227345950143481,-0.679593042544144,-0.564317909682489,category_4,0,3,4,2,category_0,1,2,1,4,308.084006555629
1.2697647503143,-0.808717531979534,0.0175156132782183,-1.10412398579926,-0.709854182146104,0.432837621499994,0.323625764609119,0.77502326322417,-0.333790960353564,-0.0201291038775375,category_4,1,4,2,0,category_0,2,1,2,2,-10.4064082016989
-0.998848796095368,-1.079343166025,-0.565497806374656,-0.11422555145018,-0.740136790739514,-0.246793557788752,0.476031383438115,-0.239296591142344,-2.15806856396126,1.31855101809084,category_1,1,0,1,2,category_0,1,3,2,0,-238.114181077376
-0.780304406501539,-0.58922898651015,1.04502337550269,-0.448465006204059,0.271112796446715,1.1517339747808,0.599039526376184,-2.77735914542743,-0.34069234387793,-1.26317291208515,category_4,0,1,0,1,category_2,1,1,1,3,-22.7312431593377
1.90934262555711,0.386166377098369,0.90082276420903,0.100867063257312,1.66387312443773,-0.699317940972091,-1.50591135157139,1.65314983256532,-0.689048429417971,-0.548087187472536,category_1,1,3,1,0,category_0,4,0,3,1,162.975463289036
-0.0111356273406671,-1.09828943132475,0.500016695857303,0.57261335304079,1.34407437467343,1.73457217492371,-1.43179777806504,-0.621082697701377,-0.628980707591268,1.07007251207098,category_0,4,1,4,4,category_4,3,1,2,0,113.969398579147
0.0865831801654191,1.27981202062802,0.934179748499725,-0.885966482040953,1.41925504591095,0.0242909141377804,-1.39150526940422,-0.341678097595881,0.869006342818761,0.184181264703546,category_3,1,3,0,2,category_2,3,3,2,0,147.744721208429
0.886491539359616,0.566545315818212,0.284790599134363,0.146304446001044,-0.272131756018208,0.173711852987023,-0.309377592883361,-0.528869853556115,-0.0285288698344164,-0.32473026508296,category_1,3,3,4,2,category_2,3,4,2,1,14.3759705373587
-0.687299037156664,0.820321797261422,0.466166426034031,1.35994854167948,-0.117474546418111,0.252496627076872,-0.370242440704343,-0.918004769819045,-0.453804041052001,0.403264540163247,category_4,3,3,3,3,category_4,3,3,2,1,8.82394775429778
0.144043571160878,0.313067701650901,0.761037725146993,-0.854095739301725,1.45427350696298,-0.205158263765801,0.121675016492828,1.49407907315761,0.443863232745426,0.333674327374267,category_2,0,3,3,3,category_3,2,3,3,0,246.526179133392
0.747188334204632,-0.684010897737217,0.7732529774026,1.65955079618987,-1.18894495520374,0.450934461805915,-1.18388064019332,-1.75589058343772,-2.65917223799674,0.606319524359381,category_3,1,4,0,1,category_4,0,1,3,3,-260.664876214847
-0.033319282845153,1.64850401026818,0.206690511708003,-1.55001418935815,-1.53080349739949,0.298977456119018,0.53104250697806,0.0551713547802317,0.239145580653787,1.39789626108674,category_1,3,3,4,0,category_3,2,1,2,3,19.7644103986402
-1.14600042650744,1.40454551493971,0.824557219564236,0.14644077047825,0.0470660946584937,0.0782111810921522,0.531178366535695,0.21717963263828,-0.128241974027702,-0.271771566490697,category_0,2,3,3,2,category_2,4,0,4,3,136.053390926174
-0.726365832186102,0.938585136249768,0.6335339024604,-1.01925114950513,-0.172458596681457,1.23994054982736,-0.608815117417131,1.95176101226781,-0.226122469763956,1.92580573745953,category_1,1,0,0,4,category_3,3,3,2,1,206.837100075048
-0.000417326412620167,-0.461893815354285,0.409551778237691,-0.626490223149088,0.374155085970803,0.0732854320076455,-0.79959349967049,0.701783372117029,1.51163934988432,1.70646824726099,category_3,4,3,4,2,category_1,4,3,4,3,56.1703863698258
-1.42406090898253,0.426258730778101,-0.542861476016718,0.676908035030246,-0.493319883362194,-2.06998502501353,0.416050046261426,1.49448454449137,-1.15618243182191,0.781198101709993,category_3,3,1,1,0,category_1,3,3,1,2,-179.847936650877
-0.545711974017782,1.42298349651611,-1.94570308316396,0.39608658495656,-1.88458584497945,1.01702099141324,-0.912783494135292,-0.938981572677785,0.219509555793045,0.393062933980092,category_0,0,4,4,3,category_0,2,0,0,4,-164.984556197145
-1.29868672216309,0.364481249240506,1.32501405288682,1.47132195614234,1.27607534600619,-0.259576981834039,0.20533256377796,-0.276432845015837,0.0451340154320103,2.33962480602006,category_2,1,4,0,2,category_1,3,3,2,4,179.33115522358
0.990909173684845,1.40284474010024,-1.68451725542488,0.335844721405313,-0.186709111809779,-0.910850377638653,0.80656376789626,1.14835058069113,-0.835192690191483,-0.94674041095719,category_3,1,0,0,0,category_4,3,4,4,0,39.923593461766
-0.0298561216363663,-0.489725022373027,-0.142687712073465,-0.279296669278372,-0.118170784366592,-0.272276101145081,-1.22763642041041,0.0685992274806605,0.0381273840949347,0.512717523472399,category_1,4,4,4,1,category_2,0,0,0,4,-148.622663784769
-0.0111456118418413,1.37098900629112,-0.837678041907945,-0.509843242138479,0.0114988998700624,2.22594433173826,-0.59118310376443,0.330035114510312,-0.667720286359399,0.326962595404457,category_1,4,3,0,1,category_3,3,3,4,0,213.468769525317
-0.895466561193676,-0.634322093680964,-0.510805137568873,-0.362741165987138,0.386902497859262,0.302471897739781,-1.18063218412241,0.0665172223831679,-0.0281822283386549,0.428331870530418,category_4,4,0,4,3,category_2,0,3,4,0,-97.6490865075293
0.676460732361623,-0.0561330204487571,-0.22425893425164,-0.00138504273509573,-0.38200895557782,1.67094303278886,-0.30224973045507,0.183339199257601,-0.375147116661284,-1.22619619178302,category_0,3,4,3,2,category_0,4,4,2,4,94.4155716578502
-1.46173834221672,-0.27253274848776,0.126568801530775,0.737521513413882,-1.54879613700267,-0.589697795699325,0.793007070697427,0.863017153151091,0.638024033495455,0.340024598259653,category_4,3,2,2,3,category_4,4,1,1,3,-121.423751037583
-0.377546919059289,-1.36294094720801,0.342427351286828,-0.791756515643464,0.854642728712449,-0.560981003131757,-0.223426112194696,1.13200513367733,2.46432193351537,0.193831736928413,category_2,3,0,4,3,category_3,4,2,3,0,40.4342674468921
1.32646164236569,0.271170184637311,0.0598946831162761,-0.801496885394375,-0.964606424206264,-0.52564059310194,-0.212523044770309,0.93639854355246,-0.762114511922498,-0.887780136635935,category_3,0,4,2,4,category_4,4,2,1,4,-93.5511469094938
-0.955945000492777,-0.597316068965363,-0.463595974646094,-0.237921729736007,-0.345981775699386,0.232181036200276,0.481481473773462,0.156506537965376,-1.54079701444462,0.0632619942003317,category_3,1,4,3,1,category_3,1,1,2,3,-100.172368400333
-1.09389505673441,0.0726778991037899,-1.3065215229226,-0.205834025218738,0.20579680373408,-0.0344750460883983,-0.973375967556749,-0.933316240226922,0.239087080373599,-0.607887446281954,category_2,4,2,4,4,category_0,4,2,0,3,-171.506840060901
-1.29636038827543,0.797913196566746,-2.3137731131722,-0.886879603871438,-0.0930241444442233,-0.67366417130914,-0.842571701713008,-0.415231395821657,-1.54292144715429,-0.401763742126501,category_4,3,3,1,0,category_0,3,4,1,1,-282.248330051801
0.453781912635684,-0.131054011541412,0.0370057219101495,1.13307987955972,-1.82974041100453,-1.11831192432163,0.767902407732704,-0.805626507539368,0.58987982073452,-0.36385880997079,category_4,2,2,4,4,category_1,3,0,4,3,-219.535263800683
0.330576756274374,0.197967289944967,-1.50239656938171,1.08193521847727,0.949246473558236,-0.794636321071499,-1.77766695473371,-0.34624944764731,-0.532702791979555,1.0907497344345,category_3,0,0,0,3,category_4,3,0,4,1,-131.345214917096
-0.469310736279107,2.45122971907508,-1.36516287722517,-0.21120598363152,0.875695678779507,0.708695273110427,1.94709864282036,1.02122474316716,-0.480242041738223,-0.523250943384895,category_0,4,4,4,2,category_1,3,4,4,3,391.496260418556
-0.110540657232473,0.689818164534788,-0.692049847784391,1.301846229565,1.0201727117158,1.2111452896827,1.5363770542458,-1.04525336614695,0.28634368889228,0.608843834475451,category_4,2,2,0,1,category_3,4,0,3,3,310.253178648904
-0.12040663866441,-2.80220279839171,-0.332102277348825,-1.18842442158302,-1.47931597996325,-1.41660348242564,-0.721431295571756,1.66060755989451,-0.448767013105499,-1.74418775655396,category_1,2,1,0,3,category_3,2,0,2,1,-474.398675683618
-0.0851156025194057,0.0992048625315024,0.96676801116646,1.57629897262772,-0.56430103330216,-0.537583368558062,0.508067909391478,0.523261738688077,-0.755462726365633,-1.20120151901739,category_2,0,2,0,2,category_0,3,4,3,4,-4.88051025966416
-0.0365972929162469,0.571109822129823,0.419524108426142,-0.543694029682777,-0.084223296527394,1.61845932423197,0.924434021958509,-0.0441397188478062,0.496615198483852,1.01213318982231,category_3,4,1,3,2,category_0,4,1,3,1,261.179283776601
0.917221542115856,-0.430461911885793,0.876726773690452,1.14937938336712,-0.0570428676621882,-0.0864552827110471,-1.82691137830452,-0.163254948833179,-0.403188306849533,0.949405523793219,category_0,0,0,3,1,category_4,4,0,4,0,-87.4860329468457
-0.855240457250864,0.0312675470275695,-1.48288335757404,-0.0921121146919559,1.25721965082899,-0.0916594081003832,-1.30941214633101,0.105232137059276,0.817861831184996,0.238200192022039,category_4,0,2,4,1,category_4,3,1,1,4,-24.2976564663786
0.447212087454832,-0.397912098590841,0.46629004355019,0.782578880841978,-0.616121123323479,1.39856209212554,1.71483160867604,-1.64921697441713,-0.832186034150062,0.172339139229189,category_3,4,2,2,1,category_0,2,2,3,1,100.947619807256
-0.386870846850647,0.812674042109042,0.18392549434031,0.587259379399826,-0.510292739633629,1.24331938445515,-0.385489760375608,-0.932789041506438,-1.60183604897254,-0.88718094184504,category_0,1,4,1,0,category_4,1,3,0,0,-0.253552570900425
1.34262201051035,-1.14190141920385,1.31513766572097,-1.31097037044121,-0.73993585296526,0.158433846785532,-0.323457472483424,1.40152341600525,0.197828167849868,0.0977508024221853,category_4,4,1,3,4,category_2,1,2,3,2,-10.5020680746676
0.665967146069538,0.406657087466881,-1.37518447931724,1.20169785566751,-2.53455446208423,-1.19809288019104,0.500992232179947,0.809180296853163,-0.480249034994925,0.936107550109698,category_1,4,1,1,1,category_2,2,3,3,4,-254.44031739854
0.252270780612125,-0.147637414514838,0.37592742576748,1.13181195682845,2.28560118152807,-1.09424095303509,-0.913594509977107,1.09416699144394,0.809740730814447,1.07993121714254,category_2,0,3,0,0,category_0,4,0,1,3,173.924569222943
0.430771134945641,-0.400348815013423,-1.00603685792039,-1.47232292846649,-0.149891591733139,-0.100393503401366,-0.821549825603133,1.26056884504215,-1.54825432284904,0.531974639007191,category_2,2,3,1,0,category_1,3,0,4,1,-129.885323840283
1.03909644037839,-0.54949854630404,-0.778183521456122,-1.09857072755533,0.479095224098229,0.22584047860269,1.73677495697671,0.960557224457228,-1.44657789003589,-1.58268564180279,category_1,2,2,1,4,category_0,2,2,3,1,116.816705765971
-1.53292105343013,0.703585554643388,0.0461350589556849,0.929145147768691,-1.71197016409422,-0.480845340872729,-0.958374480226562,-0.770784300706565,-0.080811612943741,-0.703859035990447,category_2,2,0,2,3,category_2,2,2,0,3,-293.484219181342
-1.5579985281834,-1.69237043747411,0.844995603000837,0.729346346280426,-0.507034769765338,-0.578918139943208,-0.675593827630063,0.0381180001794004,-0.993361375423135,2.04207214982695,category_1,0,4,2,3,category_3,3,0,4,2,-255.931432116066
-0.976895386735325,0.900054242764072,-2.17893152019491,1.80224222979055,-0.589579922545216,-1.24021633640777,-0.629650426940181,0.417800583206081,-0.653284701927889,0.0785140251741763,category_3,1,3,4,0,category_0,1,0,0,3,-218.577822202084
1.76405234596766,-0.103218851793558,0.978737984105739,0.410598501938372,0.400157208367223,-0.151357208297698,2.24089319920146,0.950088417525589,1.86755799014997,-0.977277879876411,category_0,4,0,0,2,category_3,1,0,1,2,347.995379804558
-0.451303037102526,1.84959124667964,0.723100493737798,-0.214166656200084,0.265687974966236,0.0192793845130772,0.0246121252479116,-0.101697274554872,0.719983730143165,-1.10290621295537,category_3,4,4,2,2,category_4,4,0,2,4,154.302213931992
0.252803505419155,-0.756493528880748,1.77465856097333,0.301514057396766,-0.408014709039897,-0.145274457204769,-0.393153194754113,0.330532743234916,-0.162218447576691,0.769430178177304,category_0,4,0,4,3,category_3,2,1,4,2,-27.9896178880671
0.521064876452759,-1.58293839733508,0.14195316332078,0.610379379107205,-0.575787969813066,-1.38336395539506,-0.319328417145095,-0.725597378463584,0.691538751070187,0.694749143656006,category_1,4,3,4,0,category_2,0,4,1,2,-276.8369296577
-0.324934958320499,1.14526217301922,-0.38815419248225,0.346494442006761,-0.711306359742789,-0.0257985582544871,-0.0599280026710906,1.30866875235218,-0.799913623140665,-0.220075779820356,category_2,3,3,4,2,category_2,2,1,0,4,23.8731669978659
-1.72322825071632,0.298713659992009,-0.356871528025598,0.91064567222997,1.7975393871259,-1.64804620636618,0.545657323470028,1.6857923026593,0.150818206332594,-0.255470786187769,category_0,3,2,1,1,category_2,4,3,4,4,110.151007979832
0.045165855938831,0.0137484873355337,-1.62632193782683,-1.84470116362805,1.85934633385163,1.11492455949028,-0.134822451094354,-2.43756435919936,-0.584093546794919,0.335105620195999,category_4,3,4,4,4,category_0,4,1,3,3,37.326458930545
-1.01177408410549,-1.04059923008515,-1.60643968944983,-0.315603123385858,0.0849681370377077,1.23800693595844,-1.37305353604193,-0.0100564718690145,1.86668314833163,0.757468330061404,category_2,4,3,4,3,category_1,4,4,0,0,-65.2763354403821
-0.0823436467913521,-0.52474195496222,-0.301094786523414,-1.3852775837672,-0.479623015073807,0.888338861996843,0.536987914456362,-0.927362928072966,-0.413803989049665,-1.09692497173311,category_1,2,0,1,4,category_4,1,1,2,0,-70.5078487287925
-1.85748327159454,0.207217393410953,-0.886904326283876,0.583569926909304,0.382598136723463,-0.654570134997584,0.87830375773253,-1.01827932556685,0.0864525240075935,0.247706378466824,category_4,0,1,3,2,category_2,1,1,1,1,-74.7041226112937
0.49689314483847,0.303656473526278,0.731551581862154,1.03395698681278,-0.665041618158691,-0.473604056963658,0.319649783134073,0.8927081528737,-0.40985453843982,-0.453337432138517,category_1,3,3,1,2,category_3,3,1,1,4,25.1273523471344
0.382732430012268,-1.17915793063769,1.0963468456658,1.30142807166476,-0.0342422805319539,-1.56776772430845,-0.234215801344537,-1.6326345262345,-0.347450652498563,-0.581268476860325,category_1,1,1,1,1,category_2,4,0,2,2,-256.476656845874
-0.94748859490688,2.34664703052656,1.40134483129196,-1.27916110702826,0.244443455961633,-0.804753740637869,-0.410381793657871,0.863519658381315,0.528943618416582,0.246147788684844,category_1,3,3,3,2,category_3,4,1,4,4,121.857370759445
-1.66777989288424,-0.106652673660225,1.55701004153216,-0.493214387110498,0.588037748739813,0.486937304939933,0.884027197426326,-0.187794921974807,-2.01954008538672,-0.984209002272848,category_1,1,2,1,1,category_4,0,2,1,1,70.0541183097786
0.325799613640626,1.91422969706281,-1.01267312376859,-1.66595607679772,0.124769521043212,1.28151134036413,-1.02729687707546,-0.766327598963583,0.323356531480259,-1.36939112404716,category_2,0,4,4,3,category_2,2,2,4,0,77.7455983531454
0.536596520566824,-1.19498680526866,0.191450872023912,-0.500409667304264,0.4046954556143,0.562989718586128,0.880511199177111,0.751946587677196,-0.454080362515605,0.0859519734343847,category_2,0,3,4,2,category_0,4,2,4,3,110.746026802995
2.92909624176386,-0.410218692780329,0.976037525368926,1.38218188839314,0.222858323103487,1.48639925346638,-1.55693393250926,-1.19742769563857,-1.32989186133406,-0.355494774608452,category_3,0,3,3,0,category_4,3,0,1,1,79.3685487343443
0.414091353793595,0.768770644399475,0.154668833646332,-0.421327587324681,-0.507234461894923,-1.98056559106894,1.04156838881858,0.131911755787412,-0.0392679910379532,-0.948932810849763,category_1,3,0,2,2,category_2,3,0,1,3,-109.226288804361
0.623453609424382,0.926558300967097,0.512916846827776,0.558081880618666,0.890671681431395,2.54023162075917,-2.54123880768822,-0.355951493046806,-0.968082117664578,0.477068092356865,category_1,1,1,0,1,category_2,1,1,4,1,216.118891865606
-0.753704466180601,0.402625531130035,-0.206944710557291,-1.77588799996183,0.137689825903347,0.766919669661199,-0.678095460786247,0.985317508939867,0.75399146697848,1.06531549209799,category_1,2,1,1,0,category_2,1,3,3,0,78.6589706566837
0.441032907273151,-1.14761094484314,-0.799422399543097,-0.358114075479857,0.17879286573318,0.0941923003101466,0.240787509741938,-0.198398896820046,0.289120505278812,0.412870820446175,category_0,0,3,2,1,category_2,2,2,4,3,-50.4404052955097
-1.9518041014816,-0.392388998149637,-1.13980245542677,-3.04614305479993,-0.659891729729498,0.445393250894797,0.7849575212405,-0.216949569936649,-0.554309626571301,-0.470637658154791,category_4,1,4,2,0,category_0,1,4,3,3,-184.992436943852
0.774160609818816,-0.972402889352498,0.104907165085513,1.3462210732223,-0.774458968770826,1.49613963695163,0.133912922615476,-1.4902653879073,-0.612625738874936,-0.822828324294282,category_2,0,4,3,4,category_0,4,1,0,3,-30.2648342952156
0.239582759856391,-0.749690344702897,0.972535789142537,0.0328087476137118,-0.369801166303803,-0.53913263675299,2.13386824720454,0.755740288894543,0.406415493676206,-0.19317670154984,category_4,2,1,1,1,category_4,4,0,4,2,98.0917985492422
0.156476256946299,-0.531993809411162,0.442846113746739,-0.956258422432283,-0.216343978295726,0.656390750859302,0.218397073129937,-0.868862546865952,-0.344196456467381,-0.252710672041607,category_3,0,2,2,0,category_4,2,1,2,3,-33.5624865459694
0.400885679104121,-0.815275661136459,-1.79716461539562,1.80121399080854,-0.00965723653290835,0.597212504403425,-0.802253171730811,1.00133101734673,0.193213553233696,1.29734208909289,category_1,1,2,0,0,category_3,0,4,3,4,6.0967125463185
1.15418403049402,-1.37075998254306,0.0210620213420636,0.865652922815853,0.172504416492866,0.308751241836613,0.0994544570307118,-0.114775324770798,0.227392775121128,-1.01673864860977,category_4,4,2,4,4,category_0,2,2,2,4,9.55295273117403
-0.657926092536795,-0.143579511716321,0.225581663568804,-0.382025448950384,0.968882638563051,-0.86404499110237,1.38914531567793,-0.406303130445063,2.01406015491847,-0.306765776027005,category_2,3,0,0,3,category_3,1,0,0,0,105.212425259179
1.0400862450537,-0.522619416398478,0.885187541208927,1.04297759464638,0.164643809526398,-0.00820988226961405,1.4737648151384,-0.326560977679208,0.389093968865721,1.17104106462049,category_4,3,0,3,4,category_3,1,0,1,1,167.696996791492
-0.419081992807822,-0.473360925502479,0.499646955111966,-0.203570671473477,0.397106236449779,-1.77474481518865,-1.2186838299772,-0.651856499930591,0.246222761276432,-0.917984306004616,category_4,0,4,1,1,category_2,2,1,1,1,-269.700320263684
-0.839632447173191,0.460794327701256,1.56127959895581,-0.400986157896401,-1.36824509533839,-0.256316893689643,-0.940270235957205,0.599369372522297,-0.659942705102338,0.213017167429887,category_1,4,1,0,1,category_1,2,2,3,3,-147.597109931837
-0.598653936922986,-0.185053671009342,0.766663181645086,-0.807648487616356,-1.11589698596039,0.05892558918163,0.356292817472289,0.814519822487866,-1.76853845067703,0.355481792743769,category_3,0,4,4,3,category_1,0,2,2,0,-98.7506685096286
-1.58447356315094,1.74062944589533,-1.21286781620902,-0.293485054889378,0.844454306604586,-0.51104046358011,0.283769554383346,-1.61935998289754,-0.282195876690435,-1.15820318518403,category_0,3,3,3,1,category_2,2,0,3,1,-38.6303677310954
-0.353993911253484,-0.739562996391313,-0.643618402832891,1.54301459540674,-1.37495129341802,0.0521650792609744,-2.22340315222443,-1.10438333942845,0.625231451027188,-1.60205765560675,category_3,2,3,4,3,category_3,1,0,3,0,-367.369353474017
-1.55042934508348,0.115147873140092,-0.944368490824294,-0.379147562879923,0.417318821031836,-1.66069981186926,0.238103147832312,-0.110489405065928,-1.4059629162679,-0.59005764586954,category_2,0,1,2,2,category_2,2,2,4,4,-229.465588724272
-0.429209296646477,-0.256232697995439,-0.554131247084486,0.857661910122452,1.3752254204469,-0.301472314861693,1.49949149013876,-1.63121950765353,0.105834643616779,-0.860509747109608,category_1,3,4,2,3,category_0,3,3,4,0,79.8752181369557
-1.10461659752647,1.26741165481866,1.57886519441649,0.499498233468659,-0.0309362572739589,0.524917863645883,-0.795500550053291,0.269024073176247,-0.566439853732219,-0.307691277367002,category_4,1,3,3,0,category_3,0,2,3,3,100.10278151878
0.89526027288993,0.284279670807215,-1.3322116545945,1.74266878065563,1.37496406639299,1.04797215596805,-1.96862468978602,0.498690274909828,-0.660056320134083,0.175818953296028,category_2,3,1,4,3,category_3,3,4,4,0,137.209129094315
-0.757870860425166,-0.424663302432866,-0.897400926901831,-0.829964597537962,-0.0500840942848221,-1.07709906940399,1.312470367141,0.0745864065435535,-0.858972388444342,-0.898942156465536,category_2,2,1,4,3,category_4,1,2,4,3,-144.997252236447
0.772694837102382,0.0397667345864952,0.448195284423312,-1.5669947108616,-1.66159829111456,-0.707505697510577,1.69618157282816,0.67057045031091,-0.0148577033547027,0.821405937024811,category_0,2,2,2,4,category_4,2,4,2,2,-58.8754981798345
0.192863955550386,-0.625557035109253,0.770673054463343,0.992136828518506,-1.15701728081587,0.246602186261334,-0.130439733783327,0.420918284175657,1.82191509786041,-0.0756504705884229,category_2,4,2,0,3,category_4,2,3,4,1,-6.53517583246596
-0.498032450692305,1.1880297923523,0.949420806925761,0.31694261192485,1.92953205381699,-1.54477109677761,0.0875512413851909,-1.00021534738956,-1.22543551883017,0.844362976401547,category_1,0,0,0,3,category_1,4,0,4,1,64.0668548596066
-0.719604388551793,-0.704700275856234,0.27451635772394,0.943260724969495,-0.812992988554077,2.25672349729821,-0.890915082995528,-0.157667016163816,-1.15735525919085,-0.312292251125693,category_1,2,1,4,2,category_4,2,3,3,1,-3.74177022377285
-0.89636972255218,1.29614986752788,1.58482052734902,0.616459312626155,-1.96273200914075,-0.87797061653587,0.647967791009888,0.87096178217162,-1.13900819311697,-1.21440138295926,category_0,2,1,3,4,category_0,3,0,0,4,-98.0673836147732
-0.784687411429445,-0.49821161858611,1.89618222863314,-0.431414341104685,-0.335580643583167,1.02239232244207,-0.799786138385771,0.44478136240725,-0.281575430800102,-0.589386701978569,category_4,1,3,0,3,category_0,0,4,1,1,23.5006498025033
0.102178326943971,-0.0445993927255734,1.32896074755322,0.260132904938768,0.504994721780011,-0.0389053066638068,0.217903387121669,0.727174870020437,-0.65971124720967,0.47400786727703,category_0,2,0,2,0,category_2,0,4,3,4,132.239006918936
-0.466845546052763,0.800564803430997,0.868963486896795,0.0782601751616614,-1.41690611312626,0.00529264629936085,0.276871905846128,0.821585712049796,-0.971104570444485,0.314817204515824,category_3,3,0,1,2,category_3,0,4,4,4,-27.4610269437119
0.873311836070412,-0.990670930627149,0.456153035827055,-1.00266858736979,1.19973617641504,2.19829633867049,-0.357579031968598,0.0101855187120735,0.0410822261438796,0.593465919603239,category_0,3,1,2,3,category_4,4,3,0,2,257.483894361519
-1.69810581943225,1.64813493220756,-2.25556422940219,0.164227755487334,0.387280475395063,-1.47183500746359,-1.0225068436356,-0.985510737684151,0.0386305518401881,-1.65671510232195,category_4,1,0,0,4,category_1,3,0,2,3,-255.029516187077
-2.23960405866174,-0.202896840766667,1.22487056419366,-0.109882779309314,0.401499055090288,-0.182244783789943,0.0648561063435762,-0.261645445710901,-1.27968917320424,-0.585431204277773,category_0,4,2,3,0,category_2,3,2,4,4,-67.881456912057
-0.395228982654354,-0.782629155827525,-0.0859307669716127,-0.110389299026888,-1.15942051639991,-0.964612013733728,0.194292938045772,0.457415606220991,0.875832761587331,-0.115107468487227,category_3,2,2,3,1,category_4,3,3,0,4,-202.579847401294
0.246766023979971,0.457309646720811,-0.772771882978202,0.962341744814345,1.52595756088481,0.371811081497494,0.882056599363011,-0.457640594289526,-1.25259334150332,-0.586320025211132,category_3,0,2,3,4,category_4,3,4,0,2,197.654950336484
0.163928572452587,-1.34792542262912,0.942468119220394,-0.761573388256559,0.0963213559211968,0.0203341817052433,-0.267594746235348,-2.36417381714118,-0.67802578156445,1.2978457906511,category_4,1,3,4,2,category_3,2,2,2,3,-192.854680784586
1.35544270259442,-1.65534403830968,-0.161373536277779,0.153644460815666,-0.398148128750075,1.36741498246016,1.79444880522507,-0.104979701018954,0.0275097020298358,2.23201638952518,category_0,3,4,3,0,category_2,2,4,2,0,158.827563264285
0.297514353954946,-0.642952553352891,0.643054545339293,0.150115227006129,0.044022276175348,0.278081047967944,0.588224929117937,-0.060287533639119,0.212587046437537,1.54703149699084,category_4,4,4,4,2,category_1,2,2,3,0,80.8771840481774
-0.365551089986037,0.690429024383049,0.296733172494113,0.796672108364671,0.938092540905646,1.5692596145359,0.829986159081103,0.0122319836388174,-0.496102333982562,-0.0748049826803411,category_4,1,4,4,4,category_3,1,0,0,3,330.73608724895
-0.133701559668439,-0.0616264020956474,-1.12682580875674,-0.107305276291175,1.07774380597626,-0.286887192389908,-0.730677752864825,-0.0421714512905789,-0.384879809181275,0.094351589317074,category_0,3,0,1,4,category_2,3,1,3,0,-36.0287944567964
-0.919650690062662,-1.83002855042781,0.540123026400494,-0.695835119349547,2.64293572101474,-0.403459183420801,2.29046707053054,-0.412271754604543,1.60026781874876,-0.188834780217784,category_4,2,4,1,1,category_2,0,3,0,4,243.011601682603
-0.455825347799369,0.239867105895279,0.936129148311082,0.158958674125643,1.42615875201927,0.377759169730718,0.67838009884047,1.63159742753227,0.832650739464478,0.327066209121022,category_4,0,4,3,0,category_1,1,4,2,4,356.919020748103
1.25774421749604,0.459584904834056,0.0400714565477755,0.28005786003768,-2.08663497942054,-2.12389001804556,-0.327754917296417,1.48492559869995,1.45580795183684,0.0554922254438028,category_1,4,4,2,4,category_3,4,3,0,0,-221.92802630969
0.324869615796186,0.470433144846482,0.0306018243385178,0.311447071554156,0.99711798079176,-0.325669468820174,-0.0696415784469356,-0.848320522805233,0.051574942769889,0.867276628808428,category_1,4,0,4,1,category_0,0,3,4,4,71.2239409625431
0.567290277852669,1.46657871557418,-0.353431748757199,0.852551939461232,-0.222675100515155,1.14110186665757,-1.61647418865103,0.857923924292336,-0.291837362747863,-0.761492211811623,category_4,4,1,3,3,category_0,0,2,1,2,119.49719651238
-0.22260568094832,-2.3695869052266,-1.68121821549443,0.864052300497648,-0.913079218041796,1.41232770603744,-0.88897135809545,0.936742463535257,0.242117960985123,-0.888720257353631,category_2,1,3,3,4,category_2,1,1,3,0,-161.085465227996
-1.6196845653727,-2.26366030103581,1.90261819836983,0.375019919820153,0.572627017205086,-2.30516685504352,-0.775664107939971,1.17782950470566,-0.18808973804965,-1.03574772619521,category_2,3,0,2,0,category_3,1,4,1,1,-279.879368488955
0.209849477923055,0.284314518997945,0.222463164008607,0.415400626171127,-1.24062459955623,0.0163380841128925,-0.088375523199155,0.0674922572408068,0.0983779068154757,0.381416254209171,category_4,0,3,3,4,category_3,2,4,1,3,-68.8338806119036
-0.208285103094996,0.0305465810406169,0.198989494405188,-0.0368835308450669,1.57437123747557,1.05432497490408,1.98873191859539,0.0186273706613555,1.11728346568819,-1.56390463483977,category_0,0,0,3,2,category_3,3,0,4,3,391.524862933972
0.0676342300669198,-0.528670658935489,0.447024156885678,-0.108003836780958,-0.463021754109051,0.456363363480785,0.105719995467155,1.42197555929246,0.0277621316255015,-0.425542212771448,category_2,0,1,4,3,category_3,2,1,3,2,56.8288725786616
-0.369181837942444,0.279924599043238,1.09965959588711,-0.0981503896429579,-0.239379177575926,-0.738030909205689,0.655263730722598,-0.0243261243989356,0.640131526097592,-1.61695604431083,category_4,1,4,3,0,category_4,1,1,4,2,-3.61753440510718
-1.18885925778403,-0.310886171698472,-0.596314038450508,0.0974001662687834,-0.506816354298688,0.0884220870446614,-0.0525672962695463,0.523891023834206,-1.93627980584651,0.188778596793829,category_3,1,3,2,0,category_3,1,3,1,2,-141.373750178202
1.14455353528456,-0.55512634549445,1.28345503626653,-0.172482317106961,-0.0187670555398929,0.891364106352944,0.597946491392181,0.900723905089181,2.18861867882284,-0.219772985713362,category_1,4,2,1,1,category_3,3,3,3,4,264.667225304913
-0.40317694697318,0.12691209270362,0.20827497807686,0.401989363444702,1.22244507038243,1.78587049390584,0.976639036483713,0.0105000207208205,0.356366397174402,0.706573168191948,category_4,3,2,2,0,category_2,1,3,2,0,370.732848006061
-0.95715809827541,2.17116494931817,-1.73027606155009,0.662074288999706,1.01397215411216,0.101407146668211,0.588742406807506,-1.00531187234886,0.384323405211245,1.00971185481171,category_3,3,3,2,0,category_3,4,4,0,1,171.032887556508
1.62664956230158,0.570788529381574,-0.0150050870313648,1.54279633829305,-0.211438290845557,-0.944870197388011,-0.113411630642734,0.456163611355133,1.08054412702549,-1.60767657904318,category_4,2,4,3,1,category_2,0,4,2,2,38.0571113330171
0.100581208728963,1.20985012641031,0.08617684238012,-1.40610477139101,0.539161274114197,-0.390797996081014,2.19089801323984,0.252331431384521,0.98363619578918,-0.0856149542304971,category_0,1,1,0,1,category_2,1,0,0,4,247.513451694085
-0.517519042510403,-2.28862004001453,-0.439189521802148,0.251484415021537,-0.97882985935877,-0.793117362707672,0.181338429217821,-0.960504381633148,-0.502816700642538,2.41245367954375,category_0,3,2,1,4,category_2,1,0,3,4,-357.46976230765
1.10350376672838,-0.584375275311322,-1.84913072727545,0.365591460224636,-0.575255994806118,0.287915432215278,1.40995213839615,0.183428646667525,-1.36985950195294,0.779460531259062,category_3,0,2,1,4,category_3,1,1,0,2,-17.2033213556863
-0.932740910794378,-2.00421571549892,0.452489092639646,0.376876520850893,-1.26306834910228,1.07919472811249,0.0978961454126271,-0.0234231050214522,-0.448165362680708,-0.649337927730388,category_1,0,4,0,0,category_1,0,3,2,4,-158.501014239868
1.59277075441748,-0.792286661806145,0.308331245959345,-0.531605908011455,-0.258572631676771,1.68157671626733,-1.37808346706408,-1.00683175229898,-0.311976107916213,-0.840290395479307,category_4,2,4,2,0,category_2,2,2,1,4,-28.4452152039694
-0.637437025552229,-0.813364259204203,-0.132880577586956,-1.46642432780251,-0.397271814328798,1.07961859203682,-0.297790879401728,1.15233156478312,-0.309012969047122,-1.67600380632998,category_2,2,4,2,4,category_4,4,2,3,4,-28.1375831617568
-0.78910218025665,-1.25978734340527,-0.159939787757043,0.0286205041877828,0.00124845578848661,-0.0400187253516329,-0.831957493217125,0.417853703217326,-0.598150452516486,-1.52003928519206,category_1,4,4,2,1,category_0,3,4,4,1,-174.701556286795
0.920858823780819,-0.455532503517343,0.856830611902691,0.0174791590250567,0.318727652943021,-0.689549777750201,-0.651025593300147,-0.803409664173841,-1.03424284178446,0.681594518281627,category_1,4,3,4,1,category_0,1,1,3,2,-109.906793703823
0.35950439957101,1.38526154672223,-0.36159928078162,-0.303098253424073,-0.144566816933736,0.724368504869964,1.06458513612785,-0.405941727188483,-0.937880231151452,0.433107953151344,category_3,4,3,2,3,category_1,4,0,0,0,157.794540931532
-1.74235619780923,1.28598400708029,0.605120084082167,-1.50699839821427,-1.30324275411232,0.329622982127738,0.895555985551324,0.223843563312911,-0.131908639779967,0.404761812040498,category_4,3,2,4,0,category_3,0,3,2,2,-2.04920877468316
0.743553515508337,1.18311955733171,-0.00592740583323181,0.718897165528292,0.210359366629813,1.49691099352083,1.36606006840333,-0.285959151485173,1.55511403205907,0.613326226328701,category_4,3,1,1,3,category_2,2,4,4,3,391.86843218651
1.66925080637697,0.0330897511387602,0.608156427600642,-0.854161260814355,0.301989210357553,-0.599224277459719,1.1149623229474,0.435546159295654,1.43335250288199,0.418398011309193,category_2,3,1,3,4,category_2,3,4,2,0,166.061094366639
-0.0990083112840774,-0.200353480004987,-0.305952575098392,-1.714046116049,-1.05065383658749,-0.142445417509369,-0.438474458034606,0.538329603276177,-0.370164164513703,-0.959255392640588,category_1,1,2,4,4,category_1,1,0,1,2,-193.510195562934
0.147434401650972,1.80813181057898,0.87938994191337,0.436638474629293,-0.977464877245869,0.880937561080972,0.635424526553996,-2.99461286022762,0.542610783498796,0.715938893436992,category_4,4,2,2,1,category_0,2,3,3,3,60.7125707072517
-0.361113134739866,-0.470742498182727,-1.59144787545803,0.272796389530264,0.608962341654524,0.183450253581576,0.0032222164431557,0.0267383826746369,-1.05747364780153,-0.555985031878967,category_4,1,2,1,1,category_4,2,2,3,4,-50.2134118356376
-0.769916074445316,0.396006712661645,-0.674332660657376,-1.09306150873051,0.539249191291817,-0.208298755577995,0.0318305582743512,0.576590816614941,-0.635846078378881,0.6764332949465,category_2,1,2,0,2,category_1,0,1,1,3,5.76387031381066
1.41986397219644,-0.76884915967481,0.679567865765082,-1.16909574732203,-0.965106608064417,-0.513902950279916,-0.423788248549476,0.988240573742697,-0.59667085553831,0.567058212520182,category_0,1,0,0,0,category_0,0,3,0,2,-132.32698559241
0.311124446093654,0.408074649346169,1.06160017003526,-1.63000265102371,-1.07836109081678,0.77760728134224,-1.18488744457177,-0.521696524947815,-1.80525168863042,0.830386005340392,category_1,3,1,4,3,category_4,1,3,3,3,-136.185588459075
1.48678247408563,1.72369627566726,0.501799753807639,0.713016229710938,0.0427797198835669,0.50496998146284,-0.0560994733409029,-0.123649625892031,0.538437000354539,0.483341851780572,category_4,3,2,1,1,category_0,1,1,2,2,243.3958553819
-0.874662521988845,-0.300006659011757,-0.711285755610438,0.875509153141383,-0.684401556140426,-0.879557097311384,1.12795662493338,-0.334621605954122,0.104827802827215,-0.993257217437552,category_3,2,0,1,0,category_3,2,0,0,0,-145.428609359932
-1.04855296506709,-1.61389784755795,-1.70627019062501,-0.212740280213969,-1.42001793717898,0.77749035583191,1.95077539523179,-1.25279536004993,-0.509652181751654,-0.438074301611186,category_2,2,1,0,2,category_0,1,0,4,3,-208.646958319726
1.76126612741986,-0.0357427335481735,-0.625027390684671,0.336015742661992,0.754095663656243,0.777604137902912,-0.390392693985508,0.0675168571743249,0.112557530906454,-0.655545029484358,category_1,1,3,3,3,category_1,1,3,3,1,150.806840166478
-1.02993528330898,-1.01804187528736,1.10028433822037,-0.0778547559408508,-0.349943364589105,-0.514233965939989,1.29802197232622,-0.658552966805004,2.69622405256358,-0.0739246662804151,category_1,2,4,2,0,category_4,0,0,2,3,-9.57771911073757
-1.17762896248263,-1.82425665593783,1.75498615374206,0.303603904462001,-1.14019630093496,0.720033759341653,-0.132988422309592,0.0103493145662994,-0.765702194478086,0.555786964082873,category_0,2,3,0,1,category_4,2,0,4,0,-142.636634517306
2.3207998392803,-0.291641986351845,0.534201170845772,-1.7410228083589,0.117090872155442,-0.375222400760673,0.317885097238182,0.732424009754876,0.434807957731158,0.540094460524806,category_2,2,1,4,3,category_4,3,4,3,0,83.6901794699846
0.165863522653537,0.205086625231854,-0.0483446237798196,1.16153380355912,1.32914128274555,0.382202787785294,-0.60810125695169,-1.45190552943175,0.403896020835974,1.93671246240255,category_1,1,0,1,0,category_2,4,0,4,3,116.136130066804
-0.764143923906443,-0.479655814007948,1.36453184810247,0.620358298343513,-1.43779147380158,-0.477974004040487,-0.689449184549938,-1.84306955015665,-0.652293599935019,-0.521189312301111,category_1,2,3,1,2,category_4,1,4,3,1,-329.069561663433
-1.29285690972345,2.16323594928069,-0.0392828182274956,1.33652794943639,0.267050869349183,0.823504153963731,-1.1680934977412,0.771790551213667,0.523276660531754,-0.171546331222248,category_0,3,0,1,2,category_4,2,3,1,2,198.551167987997
0.215240467639611,-0.857702623046894,-0.182904980856951,0.135454663189981,-1.00636552167855,0.400530684598706,0.896248425356159,1.10369395746215,0.00761749831815811,0.886864686582761,category_3,3,2,0,4,category_0,3,0,3,4,16.2896124569765
0.111872396896298,0.698650234307755,-1.37057191796069,0.52162522724034,-0.675703143371651,-1.09221794134062,0.310564710420478,-0.392567257965152,-0.507036632125444,-2.01078226858588,category_4,3,2,2,4,category_0,4,0,3,2,-187.342606935946
-0.740866704204073,-0.0603624943923387,-0.640725724190199,-0.711040596791111,-0.608291150081495,-0.670125897727297,-1.13431159372223,0.55412757832677,0.777276963767955,-0.291041463273026,category_2,3,0,4,1,category_4,3,4,3,0,-208.234804761085
0.152176975588266,0.669562340509083,-0.0134514693573897,1.00441919226162,-0.374126320264306,0.852829768274368,0.81547196924006,-0.635430438619267,0.410601791320048,0.480969850034624,category_0,4,1,2,1,category_2,0,4,4,0,148.104044658196
-0.817493097616227,0.352816606494378,1.0304382674156,-0.152774423545409,-1.40134729303931,-0.263937348592688,-2.04732361305796,-0.0553525480223896,-1.22662165939662,0.967446150050235,category_0,3,4,4,1,category_0,0,4,0,1,-284.364477797419
1.0156652815421,1.11730531553666,-0.417477349885034,-0.518900204424852,0.701041341165097,-1.08485605946145,-1.09749665477024,-1.04552455706947,1.7123052213433,-0.79211502056515,category_2,3,3,3,4,category_4,2,2,4,2,-45.6055248828457
-0.935127209437544,-1.19325783347404,0.398296086197493,0.35026591956203,0.381824009619384,0.971970293865576,-1.2557748817415,-0.590757152909962,1.22287744705341,-2.08651002885519,category_1,3,4,1,1,category_4,0,1,3,0,-52.6495568681158
-2.71967936432261,-0.481392624047633,0.0164914869808645,1.39706530131374,-1.09660174709272,0.0908259270363252,-1.22177633469477,0.169877959796924,-0.652761449348713,-1.45894073059733,category_3,4,3,3,4,category_2,3,1,4,1,-276.737904222349
0.506669026028389,0.287257312466793,-1.52276809050419,-0.00287610265900099,-0.622225471755056,-1.17583498793823,0.556964120578887,-0.188449082130068,-1.83817673967001,0.653037283406429,category_0,4,3,1,3,category_3,3,4,4,1,-205.185177911073
0.238681570931835,0.516507444281759,-1.94345685128682,0.409294996640955,-0.116222439537752,-1.19510377346348,0.508299185593973,1.80046276246023,0.583368006821299,0.926604768308605,category_0,3,2,0,3,category_1,2,0,3,2,7.03202587924623
0.280441705316296,-0.206903676163972,0.841631264073636,0.880178912080782,-0.993123610929581,-1.57062340863345,-0.249458580160949,0.643314465062928,0.0494949816500907,0.493836776280956,category_1,3,4,1,2,category_2,2,3,0,2,-171.249548714863
-1.16514984078336,-1.07075262151054,0.46566243973046,1.05445172693114,0.900826486954187,-0.179924835812351,-1.53624368627722,1.17877957115965,1.4882521937956,1.89588917603058,category_0,3,0,4,2,category_4,4,2,1,1,23.7084418993691
-0.0698564982561842,-0.18669092211461,-1.02191332442693,-1.14364139584185,0.250113906883126,1.04023896424956,-1.15043776981851,0.258797567340609,-0.836111379500769,0.642210943329426,category_0,3,3,0,3,category_3,2,2,2,2,-33.4142151749569
-1.03148246031526,-0.860262451957519,-0.0616380521722148,0.328301295000755,-1.42999125868545,-1.04817040682547,-1.43273548993411,0.607111671916046,0.0875314709216709,0.93874687568231,category_1,4,2,0,0,category_3,4,1,4,4,-359.199191117028
-1.46173268826141,0.96069339846066,0.367544896022269,1.32906284653968,-0.683439766788682,-1.18468659041155,0.19031155759394,-0.521579677993373,-0.85172919725359,1.82272360012796,category_1,4,0,2,1,category_3,4,1,1,4,-135.199100191632
